period,sector,w_p,w_b,r_p,r_b
2024-01,Technology,0.32,0.28,0.0412,0.0385
2024-01,Financials,0.18,0.14,0.0121,0.0155
2024-01,Health Care,0.14,0.18,0.0088,0.0064
2024-01,Energy,0.06,0.09,-0.0215,-0.0180
2024-01,Industrials,0.12,0.11,0.0190,0.0172
2024-01,Consumer,0.18,0.20,0.0055,0.0091
2024-02,Technology,0.34,0.29,-0.0128,-0.0165
2024-02,Financials,0.17,0.14,0.0246,0.0201
2024-02,Health Care,0.13,0.18,0.0142,0.0118
2024-02,Energy,0.07,0.09,0.0390,0.0425
2024-02,Industrials,0.11,0.11,0.0067,0.0084
2024-02,Consumer,0.18,0.19,0.0102,0.0096
2024-03,Technology,0.31,0.30,0.0285,0.0248
2024-03,Financials,0.19,0.14,-0.0042,-0.0091
2024-03,Health Care,0.14,0.17,0.0203,0.0186
2024-03,Energy,0.08,0.09,0.0158,0.0140
2024-03,Industrials,0.10,0.11,0.0094,0.0121
2024-03,Consumer,0.18,0.19,0.0071,0.0058
